Repository,Date,Stars
kovidgoyal/calibre,Tue May 28 2013 12:03:23 GMT+0200 (Horário de Verão da Europa Central),0
kovidgoyal/calibre,Wed May 29 2013 19:01:24 GMT+0200 (Horário de Verão da Europa Central),1
kovidgoyal/calibre,Tue Aug 20 2013 14:20:18 GMT+0200 (Horário de Verão da Europa Central),100
kovidgoyal/calibre,Fri Jan 11 2019 03:20:33 GMT+0100 (Horário Padrão da Europa Central),4800
kovidgoyal/calibre,Sat Jun 06 2020 00:32:12 GMT+0200 (Horário de Verão da Europa Central),7300
kovidgoyal/calibre,Fri Jul 09 2021 07:49:08 GMT+0200 (Horário de Verão da Europa Central),9700
kovidgoyal/calibre,Wed Jul 13 2022 22:54:53 GMT+0200 (Horário de Verão da Europa Central),12200
kovidgoyal/calibre,Fri Jun 09 2023 07:54:08 GMT+0200 (Horário de Verão da Europa Central),14700
kovidgoyal/calibre,Fri Jan 26 2024 09:10:36 GMT+0100 (Horário Padrão da Europa Central),17100
kovidgoyal/calibre,Wed Dec 04 2024 23:28:10 GMT+0100 (Horário Padrão da Europa Central),19600
kovidgoyal/calibre,Sat Aug 23 2025 22:54:29 GMT+0200 (Horário de Verão da Europa Central),22000
kovidgoyal/calibre,Sat Apr 04 2026 15:37:03 GMT+0200 (Horário de Verão da Europa Central),24528
janeczku/calibre-web,Sun Aug 02 2015 21:01:42 GMT+0200 (Horário de Verão da Europa Central),0
janeczku/calibre-web,Fri Aug 21 2015 13:19:12 GMT+0200 (Horário de Verão da Europa Central),1
janeczku/calibre-web,Sun Jan 29 2017 15:12:50 GMT+0100 (Horário Padrão da Europa Central),100
janeczku/calibre-web,Sat Aug 08 2020 07:00:56 GMT+0200 (Horário de Verão da Europa Central),3300
janeczku/calibre-web,Fri Oct 22 2021 09:53:24 GMT+0200 (Horário de Verão da Europa Central),5000
janeczku/calibre-web,Thu Jul 21 2022 11:13:57 GMT+0200 (Horário de Verão da Europa Central),6700
janeczku/calibre-web,Tue Mar 21 2023 04:33:44 GMT+0100 (Horário Padrão da Europa Central),8400
janeczku/calibre-web,Tue Nov 14 2023 20:15:21 GMT+0100 (Horário Padrão da Europa Central),10000
janeczku/calibre-web,Sat Jul 06 2024 03:06:28 GMT+0200 (Horário de Verão da Europa Central),11700
janeczku/calibre-web,Sun Jan 19 2025 18:44:20 GMT+0100 (Horário Padrão da Europa Central),13400
janeczku/calibre-web,Mon Aug 18 2025 04:58:38 GMT+0200 (Horário de Verão da Europa Central),15100
janeczku/calibre-web,Sat Apr 04 2026 15:37:14 GMT+0200 (Horário de Verão da Europa Central),16856
gotson/komga,Thu Aug 08 2019 11:48:49 GMT+0200 (Horário de Verão da Europa Central),0
gotson/komga,Fri Aug 23 2019 15:15:41 GMT+0200 (Horário de Verão da Europa Central),1
gotson/komga,Tue Dec 31 2019 23:45:20 GMT+0100 (Horário Padrão da Europa Central),100
gotson/komga,Sat Feb 26 2022 18:40:32 GMT+0100 (Horário Padrão da Europa Central),1100
gotson/komga,Sun Jan 08 2023 09:51:27 GMT+0100 (Horário Padrão da Europa Central),1800
gotson/komga,Tue Jul 25 2023 08:58:27 GMT+0200 (Horário de Verão da Europa Central),2400
gotson/komga,Thu Feb 01 2024 13:04:41 GMT+0100 (Horário Padrão da Europa Central),3000
gotson/komga,Fri Aug 02 2024 02:51:56 GMT+0200 (Horário de Verão da Europa Central),3600
gotson/komga,Wed Jan 08 2025 16:32:30 GMT+0100 (Horário Padrão da Europa Central),4200
gotson/komga,Sun Jun 15 2025 08:42:39 GMT+0200 (Horário de Verão da Europa Central),4900
gotson/komga,Wed Nov 12 2025 17:51:03 GMT+0100 (Horário Padrão da Europa Central),5500
gotson/komga,Sat Apr 04 2026 15:37:40 GMT+0200 (Horário de Verão da Europa Central),6104
Kareadita/Kavita,Sat Mar 13 2021 14:22:41 GMT+0100 (Horário Padrão da Europa Central),1
Kareadita/Kavita,Sat Jul 10 2021 11:58:22 GMT+0200 (Horário de Verão da Europa Central),100
Kareadita/Kavita,Fri Jan 27 2023 20:56:38 GMT+0100 (Horário Padrão da Europa Central),2000
Kareadita/Kavita,Mon Aug 21 2023 17:15:02 GMT+0200 (Horário de Verão da Europa Central),3000
Kareadita/Kavita,Wed Jan 10 2024 17:34:53 GMT+0100 (Horário Padrão da Europa Central),4000
Kareadita/Kavita,Sun May 19 2024 15:26:51 GMT+0200 (Horário de Verão da Europa Central),5100
Kareadita/Kavita,Wed Oct 30 2024 16:28:33 GMT+0100 (Horário Padrão da Europa Central),6100
Kareadita/Kavita,Tue Mar 11 2025 02:29:36 GMT+0100 (Horário Padrão da Europa Central),7100
Kareadita/Kavita,Thu Jul 03 2025 11:09:50 GMT+0200 (Horário de Verão da Europa Central),8100
Kareadita/Kavita,Fri Nov 28 2025 22:18:30 GMT+0100 (Horário Padrão da Europa Central),9200
Kareadita/Kavita,Sat Apr 04 2026 15:37:47 GMT+0200 (Horário de Verão da Europa Central),10239
stumpapp/stump,Wed Feb 16 2022 21:32:37 GMT+0100 (Horário Padrão da Europa Central),1
stumpapp/stump,Sat Jun 11 2022 00:55:35 GMT+0200 (Horário de Verão da Europa Central),100
stumpapp/stump,Sat Dec 31 2022 01:18:27 GMT+0100 (Horário Padrão da Europa Central),300
stumpapp/stump,Wed Jan 10 2024 12:48:38 GMT+0100 (Horário Padrão da Europa Central),600
stumpapp/stump,Tue Jul 02 2024 21:15:20 GMT+0200 (Horário de Verão da Europa Central),800
stumpapp/stump,Sun Dec 01 2024 21:53:05 GMT+0100 (Horário Padrão da Europa Central),1000
stumpapp/stump,Fri Mar 14 2025 19:23:43 GMT+0100 (Horário Padrão da Europa Central),1200
stumpapp/stump,Tue Jul 22 2025 08:13:44 GMT+0200 (Horário de Verão da Europa Central),1400
stumpapp/stump,Wed Nov 19 2025 14:22:29 GMT+0100 (Horário Padrão da Europa Central),1700
stumpapp/stump,Sun Feb 01 2026 15:47:28 GMT+0100 (Horário Padrão da Europa Central),1900
stumpapp/stump,Sat Apr 04 2026 15:38:00 GMT+0200 (Horário de Verão da Europa Central),2127
crocodilestick/Calibre-Web-Automated,Sun Jun 23 2024 14:46:02 GMT+0200 (Horário de Verão da Europa Central),0
crocodilestick/Calibre-Web-Automated,Mon Jun 24 2024 19:56:18 GMT+0200 (Horário de Verão da Europa Central),1
crocodilestick/Calibre-Web-Automated,Thu Jul 25 2024 13:22:33 GMT+0200 (Horário de Verão da Europa Central),100
crocodilestick/Calibre-Web-Automated,Tue Jan 07 2025 22:23:02 GMT+0100 (Horário Padrão da Europa Central),1000
crocodilestick/Calibre-Web-Automated,Tue Feb 04 2025 12:10:18 GMT+0100 (Horário Padrão da Europa Central),1500
crocodilestick/Calibre-Web-Automated,Mon Mar 31 2025 17:01:49 GMT+0200 (Horário de Verão da Europa Central),2100
crocodilestick/Calibre-Web-Automated,Thu Jun 12 2025 16:41:52 GMT+0200 (Horário de Verão da Europa Central),2600
crocodilestick/Calibre-Web-Automated,Sun Aug 03 2025 22:45:37 GMT+0200 (Horário de Verão da Europa Central),3100
crocodilestick/Calibre-Web-Automated,Sat Oct 25 2025 02:31:56 GMT+0200 (Horário de Verão da Europa Central),3700
crocodilestick/Calibre-Web-Automated,Wed Dec 24 2025 06:27:49 GMT+0100 (Horário Padrão da Europa Central),4200
crocodilestick/Calibre-Web-Automated,Thu Feb 19 2026 01:06:59 GMT+0100 (Horário Padrão da Europa Central),4800
crocodilestick/Calibre-Web-Automated,Sat Apr 04 2026 15:38:10 GMT+0200 (Horário de Verão da Europa Central),5314
